{"cameraMode":{"drawMode":0,"name":"Shaded","section":"Shading Mode"},"sceneLighting":true,"audioPlay":false,"sceneViewState":{"m_AlwaysRefresh":false,"showFog":true,"showSkybox":true,"showFlares":true,"showImageEffects":true,"showParticleSystems":true,"showVisualEffectGraphs":true,"m_FxEnabled":true},"in2DMode":false,"pivot":{"x":1.1203296184539796,"y":0.20742179453372956,"z":-2.3280081748962404},"rotation":{"x":0.11224239319562912,"y":0.3163071572780609,"z":-0.03774813935160637,"w":0.9412569999694824},"size":2.355729341506958,"orthographic":false}