{"cameraMode":{"drawMode":0,"name":"Shaded","section":"Shading Mode"},"sceneLighting":true,"audioPlay":false,"sceneViewState":{"m_AlwaysRefresh":false,"showFog":true,"showSkybox":true,"showFlares":true,"showImageEffects":true,"showParticleSystems":true,"showVisualEffectGraphs":true,"m_FxEnabled":true},"in2DMode":false,"pivot":{"x":0.7946324348449707,"y":0.466747909784317,"z":-0.022480428218841554},"rotation":{"x":0.1646849513053894,"y":-0.5375601649284363,"z":0.10793701559305191,"w":0.8199360966682434},"size":0.5567209720611572,"orthographic":false}