{"cameraMode":{"drawMode":0,"name":"Shaded","section":"Shading Mode"},"sceneLighting":true,"audioPlay":false,"sceneViewState":{"showFog":true,"showMaterialUpdate":false,"showSkybox":true,"showFlares":true,"showImageEffects":true,"showParticleSystems":true},"in2DMode":false,"pivot":{"x":-3.3833909034729006,"y":-0.13014401495456696,"z":-2.482072591781616},"rotation":{"x":-0.004074747208505869,"y":0.8971822261810303,"z":-0.00824423972517252,"w":-0.44160446524620058},"size":2.355729341506958,"orthographic":false}